{
    "Q": {
        "damage": {
            "type": "Physical",
            "system": "3Part",
            "part1": {
                "system": "minMax",
                "minDmg": [
                  10, 30, 50, 70, 90   
                ],
                "maxDmg":[
                    15, 45, 75, 105, 135
                ],
                "minADRatio": [
                  0.60, 0.65, 0.70, 0.75, 0.80
                ],
                "maxADRatio": [
                    0.9, 0.975, 1.05, 1.125, 1.2
                ]
            },
            "part2": {
              "system": "minMax",
              "minDmg": [
                12.5, 37.5, 62.5, 87.5, 112.5  
              ],
              "maxDmg":[
                  18.75, 56.25, 93.75, 131.25, 168.75
              ],
              "minADRatio": [
                0.75, 0.8125, 0.875, 0.9375, 1
              ],
              "maxADRatio":[
                  1.125, 1.21875, 1.3125, 1.40625, 1.5 
              ]
          },
          "part3": {
            "system": "minMax",
            "minDmg": [
              15, 45, 75, 105, 135  
            ],
            "maxDmg":[
                22.5, 67.5, 112.5, 157.5, 202.5
            ],
            "minADRatio": [
              0.90, 0.975, 1.05, 1.125, 1.20
            ],
            "maxADRatio":[
                1.35, 1.4625, 1.575, 1.6875, 1.8
            ]
          }
        },
        "minInterruptCC": 0.25,
        "maxInterruptCC": 0.75,
        "coolDown": [
            14, 12, 10, 8, 6
        ]
    },
    "W": {
        "damage": {
            "type": "Physical",
            "system": "minMax",
            "minDmg": [
                30,
                40,
                50,
                60,
                70
            ],
            "maxDmg": [
                60,
                80,
                100,
                120,
                140
            ],
            "minADRatio": 0.4,
            "maxADRatio": 0.8
        },
        "coolDown": [
            26,
            23,
            20,
            17,
            14
        ]
    },
    "E": {
        "passivePermanent": {
            "omniVamp": [
                0.2,
                0.225,
                0.25,
                0.275,
                0.3
            ]
        }
    },
    "R": {
        "bonusStats": {
            "ADRatio": [
                0.2, 0.3, 0.4
            ],
            "healingRatio": [
                0.5, 0.75, 1
            ],
            "duration": 10,
            "durationExtend": 5
        },
        "coolDown": [
            120,
            100,
            80
        ]
    },
    "passive": {
        "coolDownRefund": 2.0,
        "autoEmpower": {
            "damage": {
                "type": "Physical",
                "enemyMaxHPRatioByLvl": [
                    0.05,0.0541,0.0582,0.0624,0.0665,0.0706,0.0747,0.0788,0.0829,
                    0.0871,0.0912,0.0953,0.0994,0.1035,0.1076,0.1118,0.1159,0.12
                ]
            }
        },
        "coolDownByLvl": [
            24,23.29,22.59,21.88,21.18,20.47,19.76,19.06,18.35,
            17.65,16.94,16.24,15.53,14.82,14.12,13.41,12.71,12
        ]
    },
    "stats": {
        "baseHP": 580,
        "hpPerLvl": 90,
        "baseHPRegen": 3,
        "hpRegenPerLvl": 1,
        "mana": {
            "base": 0,
            "manaPerLvl": 0,
            "manaBaseRegen": 0,
            "manaRegenPerLvl": 0
        },
        "baseDamage": 60,
        "damagePerLvl": 5,
        "baseArmor": 38,
        "armorPerLvl": 3.25,
        "baseMR": 32.1,
        "mrPerLvl": 1.25,
        "attackSpeed": 0.651,
        "asRatio": 0.651,
        "asPerLvl": 0.025,
        "ranged": false
    }
}