{
    "stats": {
        "baseHP": 650,
        "hpPerLvl": 114,
        "baseHPRegen": 3,
        "hpRegenPerLvl": 1,
        "mana": {
            "base": 0,
            "manaPerLvl": 0,
            "manaBaseRegen": 0,
            "manaRegenPerLvl": 0
        },
        "baseDamage": 60,
        "damagePerLvl": 5,
        "baseArmor": 38,
        "armorPerLvl": 4.45,
        "baseMR": 32,
        "mrPerLvl": 2.05,
        "attackSpeed": 0.651,
        "asRatio": 0.651,
        "asPerLvl": 0.025,
        "ranged": false
    },
    "passive": {
        "minCoolDownRefund": 2,
        "maxCoolDownRefund": 4,
        "autoEmpower": {
            "damage": {
                "type": "Physical",
                "enemyMaxHPRatioByLvl": [
                    0.04,0.0447,0.0494,0.0541,0.0588,0.0635,0.0682,0.0729,0.0776,
                    0.0824,0.0871,0.0918,0.0965,0.1012,0.1059,0.1106,0.1153,0.12
                ]
            }
        },
        "heal": {
            "targets": "Self",
            "minDmgRatio": 0.25,
            "maxDmgRatio": 0.8,
            "preMitigation": "false"
        },
        "coolDownByLvl": [
            22,21.29,20.59,19.88,19.18,18.47,17.76,17.06,16.35,
            15.65,14.94,14.24,13.53,12.82,12.12,11.41,10.71,10
        ]
    },
    "Q": {
        "damage": {
            "type": "Physical",
            "system": "3Part",
            "part1": {
                "system": "minMax",
                "minDmg": [
                  10, 25, 40, 55, 70   
                ],
                "maxDmg":[
                    16, 40, 64, 88, 112
                ],
                "minADRatio": [
                  0.60, 0.675, 0.75, 0.825, 0.90
                ],
                "maxADRatio": [
                    0.96, 1.08, 1.2, 1.32, 1.44
                ]
            },
            "part2": {
              "system": "minMax",
              "minDmg": [
                12.5, 31.25, 50, 68.75, 87.5  
              ],
              "maxDmg":[
                  20, 50, 80, 110, 140
              ],
              "minADRatio": [
                0.75, 0.84375, 0.9375, 1.03125, 1.125
              ],
              "maxADRatio":[
                  1.2, 1.35, 1.5, 1.65, 1.8 
              ]
          },
          "part3": {
            "system": "minMax",
            "minDmg": [
              15, 37.5, 60, 82.5, 105  
            ],
            "maxDmg":[
                24, 60, 96, 132, 168
            ],
            "minADRatio": [
              0.90, 1.0125, 1.125, 1.2375, 1.35
            ],
            "maxADRatio":[
                1.44, 1.62, 1.8, 1.98, 2.16
            ]
          }
        },
        "minInterruptCC": 0.25,
        "maxInterruptCC": 0.75,
        "coolDown": [
            14, 12, 10, 8, 6
        ]
    },
    "W": {
        "damage": {
            "type": "Magic",
            "system": "minMax",
            "minDmg": [
                30, 40, 50, 60, 70
            ],
            "maxDmg": [
                60, 80, 100, 120, 140
            ],
            "minADRatio": 0.4,
            "maxADRatio": 0.8
        },
        "coolDown": [
            20, 18, 16, 14, 12
        ]
    },
    "E": {
        "passivePermanent": {
            "minOmniVamp": [
                0.18, 0.195, 0.21, 0.225, 0.24
            ],
            "maxOmniVamp": [
                0.2, 0.24, 0.28, 0.32, 0.36
            ]
        },
        "coolDown": [
            9, 8, 7, 6, 5
        ]
    },
    "R": {
        "toggleStats": {
            "attackDamage": {
                "ratio": [0.2, 0.325, 0.45]
            },
            
            "healingRatio": [
                0.25, 0.35, 0.45
            ],
            "duration": 10,
            "durationExtend": 5
        },
        "coolDown": [
            120, 100, 80
        ]
    }
}