{
    "stats": {
        "baseHP": 630,
        "hpPerLvl": 107,
        "baseHPRegen": 3.75,
        "hpRegenPerLvl": 0.65,
        "mana": {
            "base": 350,
            "manaPerLvl": 40,
            "manaBaseRegen": 8.2,
            "manaRegenPerLvl": 0.7
        },
        "baseDamage": 52,
        "damagePerLvl": 3,
        "baseArmor": 26,
        "armorPerLvl": 4.7,
        "baseMR": 30,
        "mrPerLvl": 1.3,
        "attackSpeed": 0.638,
        "asRatio": 0.4,
        "asPerLvl": 0.04,
        "ranged": true
    },
    "passive": {
        "minCoolDownRefund": 2,
        "maxCoolDownRefund": 4,
        "autoEmpower": {
            "damage": {
                "type":"Physical",
                "ADRatio": 0.5,
                "canCrit": true,
                "critDmg": 1.6125,
                "critDmgWithIE": 1.77
            }
        },
        "damage": {
            "type": "Magic",
            "system": "single",
            "dmgByLvl": [
                10,15,20,25,30,35,40,45,55,
                65,75,85,95,105,120,135,150,165
            ],
            "APRatio": 0.6
        },
        "shield": {
            "type": "all",
            "targets": "Self",
            "shieldByLvl": [
                40,50.16,60.82,71.98,83.62,95.76,108.4,121.53,135.15,
                149.27,163.88,178.99,194.59,210.68,227.27,244.35,261.93,280
            ],
            "bonusADRatio": 0.35,
            "duration": 2
        },
        "staticCoolDownByLvl": [
            16,16,16,16,16,12,12,12,12,
            12,8,8,8,8,8,4,4,4
        ]
    },
    "Q": {
        "damage": {
            "type": "Physical",
            "system": "3Part",
            "part1": {
                "system": "minMax",
                "minDmg": [
                  10, 25, 40, 55, 70   
                ],
                "maxDmg":[
                    16, 40, 64, 88, 112
                ],
                "minADRatio": [
                  0.60, 0.675, 0.75, 0.825, 0.90
                ],
                "maxADRatio": [
                    0.96, 1.08, 1.2, 1.32, 1.44
                ]
            },
            "part2": {
              "system": "minMax",
              "minDmg": [
                12.5, 31.25, 50, 68.75, 87.5  
              ],
              "maxDmg":[
                  20, 50, 80, 110, 140
              ],
              "minADRatio": [
                0.75, 0.84375, 0.9375, 1.03125, 1.125
              ],
              "maxADRatio":[
                  1.2, 1.35, 1.5, 1.65, 1.8 
              ]
          },
          "part3": {
            "system": "minMax",
            "minDmg": [
              15, 37.5, 60, 82.5, 105  
            ],
            "maxDmg":[
                24, 60, 96, 132, 168
            ],
            "minADRatio": [
              0.90, 1.0125, 1.125, 1.2375, 1.35
            ],
            "maxADRatio":[
                1.44, 1.62, 1.8, 1.98, 2.16
            ]
          }
        },
        "minInterruptCC": 0.25,
        "maxInterruptCC": 0.75,
        "coolDown": [
            14, 12, 10, 8, 6
        ]
    },
    "W": {
        "damage": {
            "type": "Magic",
            "system": "minMax",
            "minDmg": [
                30, 40, 50, 60, 70
            ],
            "maxDmg": [
                60, 80, 100, 120, 140
            ],
            "minADRatio": 0.4,
            "maxADRatio": 0.8
        },
        "coolDown": [
            20, 18, 16, 14, 12
        ]
    },
    "E": {
        "passivePermanent": {
            "minOmniVamp": [
                0.18, 0.195, 0.21, 0.225, 0.24
            ],
            "maxOmniVamp": [
                0.2, 0.24, 0.28, 0.32, 0.36
            ]
        },
        "coolDown": [
            9, 8, 7, 6, 5
        ]
    },
    "R": {
        "bonusStats": {
            "ADRatio": [
                0.2, 0.325, 0.45
            ],
            "healingRatio": [
                0.25, 0.35, 0.45
            ],
            "duration": 10,
            "durationExtend": 5
        },
        "coolDown": [
            120, 100, 80
        ]
    }
}