{
    "Q": {
       "damage": {
           "type":"magic",
           "system":"minMax",
           "minDmg": [
                55, 70, 85, 100, 115
           ],
           "minAPRatio": [
               0.4, 0.45, 0.5, 0.55, 0.6
           ],
           "maxDmg": [
                82.5, 105, 127.5, 150, 172.5
           ],
           "maxAPRatio": [
               0.6, 0.675, 0.75, 0.825, 0.9
           ]
       },
       "coolDown": [
            10, 8.75, 7.5, 6.25, 5
       ]
    },
    "W": {
        "shield": {
            "type": "all",
            "targets": "all",
            "system":"minMax",
            "duration": 2.5,
            "minShieldByLvl": [
                50,51,52,53,54,55,57,59,61,
                63,65,67,71,75,79,86,93,100
            ],
            "minAPRatio": 0.3,
            "maxShieldByLvl": [
                75,76.5,78,79.5,81,82.5,85.5,88.5,91.5,
                94.5,97.5,100.5,106.5,112.5,118.5,129,139.5,150
            ],
            "maxAPRatio": 0.45
        },
        "heal": {
            "targets": "all",
            "system":"minMax",
            "minMissingHPRatio": 0.05,
            "maxMissingHPRatio": 0.25,
            "minMissingHPRatioPer100AP": 0.01125,
            "maxMissingHPRatioPer100AP": 0.05625
        },
        "coolDown": [
            26, 25, 24, 23, 22
        ]
    },
    "E": {
        "damage":{
            "type":"magic",
            "dmg":[
                60, 80, 100, 120, 140
            ],
            "APRatio": 0.35
        },
        "coolDown":[
            13, 12, 11, 10, 9
        ]
    },
    "R": {
        "damage": {
            "type":"magic",
            "system":"single",
            "dmg": [
                150, 200, 250
            ],
            "APRatio": 0.6
        },
        "interruptCC": [
            1.25, 1.5, 1.75
        ],
        "coolDown": [
            180, 150, 120
        ]
    },
    "passive": {
        "autoEmpower": {
            "damage": {
                "type":"magic",
                "system":"minMax",
                "minDmgByLvl": [
                    4, 4, 4, 4, 4, 8, 8, 8, 8,
                    8, 14, 14, 14, 14, 14, 24, 24, 24
                ],
                "maxDmgByLvl": [
                    64, 64, 64, 64, 64, 128, 128, 128, 128,
                    128, 224, 224, 224, 224, 224, 384, 384, 384
                ],
                "minAPRatioByLvl": [
                    0.06, 0.06, 0.06, 0.06, 0.06, 0.07, 0.07, 0.07, 0.07,
                    0.07, 0.08, 0.08, 0.08, 0.08, 0.08, 0.09, 0.09, 0.09 
                ],
                "maxAPRatioByLvl": [
                    0.96, 0.96, 0.96, 0.96, 0.96, 1.12, 1.12, 1.12, 1.12,
                    1.12, 1.28, 1.28, 1.28, 1.28, 1.28, 1.44, 1.44, 1.44
                ]
            }
        }
    },
    "stats": {
        "baseHP": 500,
        "hpPerLevel": 90,
        "baseHPRegen": 6.5,
        "hpRegenPerLevel": 0.6,
        "mana": {
            "base": 440,
            "manaPerLevel": 40,
            "manaBaseRegen": 8,
            "manaRegenPerLevel": 1
        },
        "baseDamage": 50,
        "damagePerLevel": 3,
        "baseArmor": 19,
        "armorPerLevel": 3,
        "baseMagicResist": 30,
        "magicResistPerLevel": 0.5,
        "attackSpeed": 0.669,
        "attackSpeedRatio": 0.625,
        "attackSpeedPerLevel": 0.01 
    }
}